speed,gamma,mean_effectiveness,sd_effectiveness,mean_filled,mean_appeared,mean_deliberations,seeds,steps
1,1,0.28300525764237094,0.08299529303277607,11.44,41.16,600.36,25,600
1,2,0.41446932420678323,0.07549282249836939,15.28,36.92,502.96,25,600
1,4,0.49167263698917146,0.07409550900971891,17.24,34.88,444.32,25,600
1,8,0.552286227780543,0.08822224381366862,18.68,33.6,412.72,25,600
1,bold,0.5713565794687608,0.10111149776334018,19.04,33.12,396.56,25,600
2,1,0.08561261348741968,0.032917226112253686,7,82.64,600.16,25,600
2,2,0.1284474682675847,0.04218145489955407,9.6,75.12,498.48,25,600
2,4,0.16855562791267267,0.05172655764927167,11.8,70.16,431.28,25,600
2,8,0.20666296909038342,0.054502992096051577,13.92,67.52,397.28,25,600
2,bold,0.20677721602233362,0.05835057035323456,13.84,67.24,392,25,600
4,1,0.01967729345298611,0.012631461910995366,3.24,166.64,600.04,25,600
4,2,0.028156614054594513,0.014123633710270252,4.32,154.44,515.16,25,600
4,4,0.04312663010044576,0.016928326649571005,6.16,143.76,456.08,25,600
4,8,0.04310433878090732,0.017187217139295326,6.12,142.8,452.44,25,600
4,bold,0.04310433878090732,0.017187217139295326,6.12,142.8,452.44,25,600
8,1,0.001285295072113736,0.0014831067042192804,0.44,350.76,600,25,600
8,2,0.0017654594364259052,0.0025618563434041362,0.6,337.72,568.72,25,600
8,4,0.0016546561123261822,0.0025764577918563456,0.56,337.6,568.36,25,600
8,8,0.0016546561123261822,0.0025764577918563456,0.56,337.6,568.36,25,600
8,bold,0.0016546561123261822,0.0025764577918563456,0.56,337.6,568.36,25,600
